"Employee Number","Username","Password","Role"
"10001","employee1","Motorph2025_","employee"
"10002","employee2","Motorph2025_","employee"
"10003","employee3","Motorph2025_","employee"
"10004","employee4","Motorph2025_","employee"
"10005","employee5","Motorph2025_","employee|systemadministrator"
"10006","employee6","Motorph2025_","employee|hrmanager"
"10007","employee7","Motorph2025_","employee"
"10008","employee8","Motorph2025_","employee"
"10009","employee9","Motorph2025_","employee"
"10010","employee10","Motorph2025_","employee"
"10011","employee11","Motorph2025_","employee|payrollmanager"
"10012","employee12","Motorph2025_","employee"
"10013","employee13","Motorph2025_","employee"
"10014","employee14","Motorph2025_","employee"
"10015","employee15","Motorph2025_","employee"
"10016","employee16","Motorph2025_","employee"
"10017","employee17","Motorph2025_","employee"
"10018","employee18","Motorph2025_","employee"
"10019","employee19","Motorph2025_","employee"
"10020","employee20","Motorph2025_","employee"
"10021","employee21","Motorph2025_","employee"
"10022","employee22","Motorph2025_","employee"
"10023","employee23","Motorph2025_","employee"
"10024","employee24","Motorph2025_","employee"
"10025","employee25","Motorph2025_","employee"
"10026","employee26","Motorph2025_","employee"
"10027","employee27","Motorph2025_","employee"
"10028","employee28","Motorph2025_","employee"
"10029","employee29","Motorph2025_","employee"
"10030","employee30","Motorph2025_","employee"
"10031","employee31","Motorph2025_","employee"
"10032","employee32","Motorph2025_","employee"
"10033","employee33","Motorph2025_","employee"
"10034","employee34","Motorph2025_","employee"
